{
  "energy_var": {
    "5.00e-05": -15.781244798567638, 
    "1.00e-05": -15.781254188164667, 
    "2.00e-05": -15.781252705848793
  }, 
  "n_elecs": 6, 
  "config": {
    "chem": {
      "point_group": "d2h"
    }, 
    "eps_vars_schedule": [
      0.002, 
      0.001, 
      0.0005, 
      0.0002, 
      0.0001
    ], 
    "n_up": 4, 
    "system": "chem", 
    "eps_vars": [
      5e-05, 
      2e-05, 
      1e-05
    ], 
    "n_dn": 2
  }, 
  "energy_hf": -15.65045050962719, 
  "energy_total": {
    "5.00e-05": {
      "5.00e-08": {
        "uncert": 1.0434657222806407e-07, 
        "value": -15.781254855859766
      }
    }, 
    "extrapolated": {
      "uncert": 9999, 
      "value": -15.781254744213072
    }, 
    "1.00e-05": {
      "1.00e-08": {
        "uncert": 1.0237304914996433e-08, 
        "value": -15.781254760857946
      }
    }, 
    "2.00e-05": {
      "2.00e-08": {
        "uncert": 1.960386291865823e-08, 
        "value": -15.781254799021823
      }
    }
  }
}