{
  "energy_hf": -1049.654769901812, 
  "energy_var": {
    "5.00e-05": -1049.932028547359, 
    "2.00e-05": -1049.9323325648024, 
    "2.00e-04": -1049.9307519647475, 
    "1.00e-04": -1049.9315892152995
  }, 
  "config": {
    "n_dn": 4, 
    "eps_vars_schedule": [
      0.005, 
      0.002, 
      0.001, 
      0.0005
    ], 
    "n_up": 10, 
    "time_sym": false, 
    "system": "chem", 
    "eps_vars": [
      0.0002, 
      0.0001, 
      5e-05, 
      2e-05
    ], 
    "target_error": 1e-05, 
    "load_integrals_cache": true, 
    "chem": {
      "occs_dn": [
        0, 
        1, 
        2, 
        3
      ], 
      "point_group": "dih", 
      "occs_up": [
        0, 
        1, 
        2, 
        3, 
        4, 
        5, 
        6, 
        7, 
        8, 
        9
      ]
    }, 
    "var_only": false
  }, 
  "n_elecs": 14, 
  "energy_total": {
    "extrapolated": {
      "uncert": 2.0692727048299275e-05, 
      "value": -1049.9325704792016
    }, 
    "5.00e-05": {
      "5.00e-08": {
        "uncert": 6.124150321742019e-07, 
        "value": -1049.9325830771993
      }
    }, 
    "2.00e-05": {
      "2.00e-08": {
        "uncert": 1.708079878468792e-07, 
        "value": -1049.9325769577413
      }
    }, 
    "2.00e-04": {
      "2.00e-07": {
        "uncert": 4.1935108001402474e-06, 
        "value": -1049.9325684133562
      }
    }, 
    "1.00e-04": {
      "1.00e-07": {
        "uncert": 1.5499011874944575e-06, 
        "value": -1049.9325819389608
      }
    }
  }
}